{"cameraMode":{"drawMode":0,"name":"Shaded","section":"Shading Mode"},"sceneLighting":false,"audioPlay":false,"sceneViewState":{"showFog":true,"showMaterialUpdate":false,"showSkybox":false,"showFlares":true,"showImageEffects":true,"showParticleSystems":true},"in2DMode":false,"pivot":{"x":-1.5075078010559083,"y":3.4856958389282228,"z":-0.7309209704399109},"rotation":{"x":-0.36907699704170229,"y":0.5616546273231506,"z":-0.30778932571411135,"w":-0.6734924912452698},"size":6.991031169891357,"orthographic":false}