{"cameraMode":{"drawMode":0,"name":"Shaded","section":"Shading Mode"},"sceneLighting":false,"audioPlay":false,"sceneViewState":{"showFog":true,"showMaterialUpdate":false,"showSkybox":false,"showFlares":true,"showImageEffects":true,"showParticleSystems":true},"in2DMode":false,"pivot":{"x":-1.3193063735961915,"y":-4.897569179534912,"z":-1.482731819152832},"rotation":{"x":-0.02003951370716095,"y":0.9722203612327576,"z":-0.21485701203346253,"w":-0.09067808091640473},"size":23.301876068115236,"orthographic":false}