{"cameraMode":{"drawMode":0,"name":"Shaded","section":"Shading Mode"},"sceneLighting":true,"audioPlay":false,"sceneViewState":{"showFog":true,"showMaterialUpdate":false,"showSkybox":true,"showFlares":true,"showImageEffects":true,"showParticleSystems":true},"in2DMode":false,"pivot":{"x":-17.10568618774414,"y":-2.0963134765625,"z":46.13642120361328},"rotation":{"x":0.3001290261745453,"y":-0.6800368428230286,"z":0.5616016983985901,"w":0.363422691822052},"size":92.32636260986328,"orthographic":false}