{"cameraMode":{"drawMode":0,"name":"Shaded","section":"Shading Mode"},"sceneLighting":false,"audioPlay":false,"sceneViewState":{"showFog":true,"showMaterialUpdate":false,"showSkybox":false,"showFlares":true,"showImageEffects":true,"showParticleSystems":true},"in2DMode":false,"pivot":{"x":0.9154303073883057,"y":1.976949691772461,"z":0.1488940417766571},"rotation":{"x":-0.291342556476593,"y":0.6709747910499573,"z":-0.3266035318374634,"w":-0.598533570766449},"size":6.298922538757324,"orthographic":false}