{"cameraMode":{"drawMode":0,"name":"Shaded","section":"Shading Mode"},"sceneLighting":true,"audioPlay":false,"sceneViewState":{"showFog":true,"showMaterialUpdate":false,"showSkybox":true,"showFlares":true,"showImageEffects":true,"showParticleSystems":true},"in2DMode":false,"pivot":{"x":-4.652040481567383,"y":-5.740165710449219,"z":2.062147855758667},"rotation":{"x":-0.14945411682128907,"y":0.7687042355537415,"z":-0.1944901943206787,"w":-0.5907036662101746},"size":16.958812713623048,"orthographic":false}