{"cameraMode":{"drawMode":0,"name":"Shaded","section":"Shading Mode"},"sceneLighting":false,"audioPlay":false,"sceneViewState":{"showFog":true,"showMaterialUpdate":false,"showSkybox":false,"showFlares":true,"showImageEffects":true,"showParticleSystems":true},"in2DMode":false,"pivot":{"x":-2.4088339805603029,"y":2.691633462905884,"z":-5.21077823638916},"rotation":{"x":0.03433358669281006,"y":-0.16532757878303529,"z":0.0057575395330786709,"w":0.9856241345405579},"size":7.631738185882568,"orthographic":false}