{"cameraMode":{"drawMode":0,"name":"Shaded","section":"Shading Mode"},"sceneLighting":true,"audioPlay":false,"sceneViewState":{"showFog":true,"showMaterialUpdate":false,"showSkybox":true,"showFlares":true,"showImageEffects":true,"showParticleSystems":true},"in2DMode":false,"pivot":{"x":25.645687103271486,"y":2.70045804977417,"z":12.908882141113282},"rotation":{"x":-0.07087881118059159,"y":-0.923922598361969,"z":0.3118365406990051,"w":-0.21000295877456666},"size":4.027556896209717,"orthographic":false}