{"cameraMode":{"drawMode":0,"name":"Shaded","section":"Shading Mode"},"sceneLighting":false,"audioPlay":false,"sceneViewState":{"showFog":true,"showMaterialUpdate":false,"showSkybox":false,"showFlares":true,"showImageEffects":true,"showParticleSystems":true},"in2DMode":false,"pivot":{"x":-16.201955795288087,"y":4.396393775939941,"z":17.541324615478517},"rotation":{"x":0.0105136102065444,"y":0.02035949006676674,"z":-0.00021556542196776718,"w":0.9997375011444092},"size":8.289129257202149,"orthographic":false}