{"cameraMode":{"drawMode":0,"name":"Shaded","section":"Shading Mode"},"sceneLighting":true,"audioPlay":false,"sceneViewState":{"showFog":true,"showMaterialUpdate":false,"showSkybox":true,"showFlares":true,"showImageEffects":true,"showParticleSystems":true},"in2DMode":false,"pivot":{"x":-59.626800537109378,"y":7.543399333953857,"z":1.639173984527588},"rotation":{"x":0.2965185046195984,"y":-0.39627447724342348,"z":0.1369359791278839,"w":0.8580745458602905},"size":8.682497024536133,"orthographic":false}