{"cameraMode":{"drawMode":0,"name":"Shaded","section":"Shading Mode"},"sceneLighting":false,"audioPlay":false,"sceneViewState":{"showFog":true,"showMaterialUpdate":false,"showSkybox":false,"showFlares":true,"showImageEffects":true,"showParticleSystems":true},"in2DMode":false,"pivot":{"x":-7.666120529174805,"y":-8.535074234008789,"z":9.436208724975586},"rotation":{"x":-0.3588426113128662,"y":0.6359615325927734,"z":-0.4295102655887604,"w":-0.5313246846199036},"size":26.396984100341798,"orthographic":false}