{"cameraMode":{"drawMode":0,"name":"Shaded","section":"Shading Mode"},"sceneLighting":true,"audioPlay":false,"sceneViewState":{"showFog":true,"showMaterialUpdate":false,"showSkybox":true,"showFlares":true,"showImageEffects":true,"showParticleSystems":true},"in2DMode":false,"pivot":{"x":0.3964785933494568,"y":-0.45096105337142947,"z":-0.1711454838514328},"rotation":{"x":-0.2571388781070709,"y":0.2802248001098633,"z":-0.07819117605686188,"w":-0.9215421676635742},"size":12.903373718261719,"orthographic":false}