{"cameraMode":{"drawMode":0,"name":"Shaded","section":"Shading Mode"},"sceneLighting":false,"audioPlay":false,"sceneViewState":{"showFog":true,"showMaterialUpdate":false,"showSkybox":false,"showFlares":true,"showImageEffects":true,"showParticleSystems":true},"in2DMode":false,"pivot":{"x":-20.321697235107423,"y":-15.852554321289063,"z":1.1198827028274537},"rotation":{"x":0.23977601528167725,"y":-0.6486053466796875,"z":0.22675453126430512,"w":0.685857892036438},"size":28.578840255737306,"orthographic":false}