{"cameraMode":{"drawMode":0,"name":"Shaded","section":"Shading Mode"},"sceneLighting":false,"audioPlay":false,"sceneViewState":{"showFog":true,"showMaterialUpdate":false,"showSkybox":false,"showFlares":true,"showImageEffects":true,"showParticleSystems":true},"in2DMode":false,"pivot":{"x":0.3448367714881897,"y":0.033689260482788089,"z":-0.2011350393295288},"rotation":{"x":0.4094199538230896,"y":0.0030215964652597906,"z":-0.0013541156658902765,"w":0.9123401045799255},"size":2.8578836917877199,"orthographic":false}