{"cameraMode":{"drawMode":0,"name":"Shaded","section":"Shading Mode"},"sceneLighting":true,"audioPlay":false,"sceneViewState":{"showFog":true,"showMaterialUpdate":false,"showSkybox":true,"showFlares":true,"showImageEffects":true,"showParticleSystems":true},"in2DMode":false,"pivot":{"x":2.3439269065856935,"y":-3.0688233375549318,"z":1.4580049514770508},"rotation":{"x":-0.10941553860902786,"y":0.8901159763336182,"z":-0.32775601744651797,"w":-0.2971495985984802},"size":10.545478820800782,"orthographic":false}