{"cameraMode":{"drawMode":0,"name":"Shaded","section":"Shading Mode"},"sceneLighting":true,"audioPlay":false,"sceneViewState":{"showFog":true,"showMaterialUpdate":false,"showSkybox":true,"showFlares":true,"showImageEffects":true,"showParticleSystems":true},"in2DMode":false,"pivot":{"x":10.317178726196289,"y":2.327662944793701,"z":-21.04714584350586},"rotation":{"x":-0.023771211504936219,"y":-0.9762256741523743,"z":0.15114884078502656,"w":-0.1535331904888153},"size":12.903373718261719,"orthographic":false}