{"cameraMode":{"drawMode":0,"name":"Shaded","section":"Shading Mode"},"sceneLighting":false,"audioPlay":false,"sceneViewState":{"showFog":true,"showMaterialUpdate":false,"showSkybox":false,"showFlares":true,"showImageEffects":true,"showParticleSystems":true},"in2DMode":false,"pivot":{"x":-4.75499963760376,"y":1.5999999046325684,"z":-0.04499936103820801},"rotation":{"x":-0.4977472424507141,"y":-0.017171910032629968,"z":0.009857673197984696,"w":-0.8670961260795593},"size":42.28278732299805,"orthographic":false}