{"cameraMode":{"drawMode":0,"name":"Shaded","section":"Shading Mode"},"sceneLighting":true,"audioPlay":false,"sceneViewState":{"showFog":true,"showMaterialUpdate":false,"showSkybox":true,"showFlares":true,"showImageEffects":true,"showParticleSystems":true},"in2DMode":false,"pivot":{"x":2.1300742626190187,"y":1.3388348817825318,"z":1.3150581121444703},"rotation":{"x":-0.0752451941370964,"y":0.9163310527801514,"z":-0.20568858087062837,"w":-0.3352130949497223},"size":10.0,"orthographic":false}